{
  "citation": "",
  "description": "",
  "features": {
    "text_raw": {
      "dtype": "string",
      "_type": "Value"
    },
    "channel": {
      "dtype": "string",
      "_type": "Value"
    },
    "username": {
      "dtype": "string",
      "_type": "Value"
    },
    "time": {
      "dtype": "string",
      "_type": "Value"
    },
    "text": {
      "dtype": "string",
      "_type": "Value"
    },
    "embeddings": {
      "feature": {
        "dtype": "float32",
        "_type": "Value"
      },
      "_type": "Sequence"
    }
  },
  "homepage": "",
  "license": ""
}